month,rank,symbol,prev_month_quote_volume
2020-03,1,BTCUSDT,44137073362
2020-03,2,ETHUSDT,10266760130
2020-03,3,BCHUSDT,4916140307
2020-03,4,ETCUSDT,2511530924
2020-03,5,LTCUSDT,2444485676
2020-04,1,BTCUSDT,69290367964
2020-04,2,ETHUSDT,10401455656
2020-04,3,BCHUSDT,3816220812
2020-04,4,LINKUSDT,2986600561
2020-04,5,LTCUSDT,1564873591
2020-05,1,BTCUSDT,82410490800
2020-05,2,ETHUSDT,11152192197
2020-05,3,LINKUSDT,3350231387
2020-05,4,BCHUSDT,2874426689
2020-05,5,XTZUSDT,1614998693
2020-06,1,BTCUSDT,114834224291
2020-06,2,ETHUSDT,10374281997
2020-06,3,BCHUSDT,2214103653
2020-06,4,LINKUSDT,1691390754
2020-06,5,ETCUSDT,1192269727
2020-07,1,BTCUSDT,63286531728
2020-07,2,ETHUSDT,8339449728
2020-07,3,ADAUSDT,1999714804
2020-07,4,BCHUSDT,1659206188
2020-07,5,LINKUSDT,1475969143
2020-08,1,BTCUSDT,56591063439
2020-08,2,ETHUSDT,13106885163
2020-08,3,LINKUSDT,6995654531
2020-08,4,ADAUSDT,4291510282
2020-08,5,VETUSDT,2597181845
2020-09,1,BTCUSDT,78458077325
2020-09,2,ETHUSDT,25556085662
2020-09,3,LINKUSDT,16940496087
2020-09,4,XRPUSDT,5033061721
2020-09,5,BCHUSDT,4089972261
2020-10,1,BTCUSDT,68405649033
2020-10,2,ETHUSDT,27799976483
2020-10,3,LINKUSDT,10517656754
2020-10,4,TRXUSDT,4374152802
2020-10,5,BNBUSDT,3610718806
2020-11,1,BTCUSDT,90285552645
2020-11,2,ETHUSDT,20243300564
2020-11,3,LINKUSDT,8818267457
2020-11,4,YFIUSDT,4644316376
2020-11,5,BCHUSDT,3078763480
2020-12,1,BTCUSDT,205174686412
2020-12,2,ETHUSDT,58826744136
2020-12,3,XRPUSDT,24494463563
2020-12,4,LINKUSDT,13553758615
2020-12,5,YFIUSDT,10598167642
2021-01,1,BTCUSDT,223539719868
2021-01,2,ETHUSDT,64928962218
2021-01,3,XRPUSDT,41591671078
2021-01,4,LTCUSDT,15522285910
2021-01,5,LINKUSDT,8532050039
2021-02,1,BTCUSDT,428207757019
2021-02,2,ETHUSDT,192332304094
2021-02,3,XRPUSDT,25531901152
2021-02,4,LINKUSDT,21207546123
2021-02,5,LTCUSDT,19236241831
2021-03,1,BTCUSDT,407140107420
2021-03,2,ETHUSDT,156812888771
2021-03,3,BNBUSDT,57102614824
2021-03,4,XRPUSDT,44686850018
2021-03,5,ADAUSDT,36232784852
2021-04,1,BTCUSDT,515867567311
2021-04,2,ETHUSDT,128094047457
2021-04,3,BNBUSDT,44976634310
2021-04,4,ADAUSDT,33302984332
2021-04,5,CHZUSDT,22396819746
2021-05,1,BTCUSDT,444098532735
2021-05,2,ETHUSDT,202719593674
2021-05,3,XRPUSDT,160311455131
2021-05,4,BNBUSDT,116701568586
2021-05,5,DOGEUSDT,101547758519
2021-06,1,BTCUSDT,726896718668
2021-06,2,ETHUSDT,432421805064
2021-06,3,DOGEUSDT,132427537250
2021-06,4,XRPUSDT,111078836394
2021-06,5,ETCUSDT,87683332283
2021-07,1,BTCUSDT,825375165660
2021-07,2,ETHUSDT,277059081341
2021-07,3,DOGEUSDT,61527535420
2021-07,4,BNBUSDT,54680396061
2021-07,5,XRPUSDT,40499377078
2021-08,1,BTCUSDT,582324802432
2021-08,2,ETHUSDT,236154076985
2021-08,3,AXSUSDT,71787233137
2021-08,4,BNBUSDT,32761766815
2021-08,5,DOGEUSDT,29292204174
2021-09,1,BTCUSDT,613715176710
2021-09,2,ETHUSDT,301690664534
2021-09,3,XRPUSDT,66981140737
2021-09,4,ADAUSDT,66507543931
2021-09,5,DOGEUSDT,55646430682
2021-10,1,BTCUSDT,490529663370
2021-10,2,ETHUSDT,229932336995
2021-10,3,SOLUSDT,135313819258
2021-10,4,ADAUSDT,48913392844
2021-10,5,XRPUSDT,45651733962
2021-11,1,BTCUSDT,525588747913
2021-11,2,ETHUSDT,212081661238
2021-11,3,1000SHIBUSDT,146072799958
2021-11,4,SOLUSDT,68778793111
2021-11,5,AXSUSDT,46970737641
2021-12,1,BTCUSDT,429840897485
2021-12,2,ETHUSDT,195809532220
2021-12,3,SANDUSDT,92763160205
2021-12,4,1000SHIBUSDT,80386065416
2021-12,5,MANAUSDT,65000455500
2022-01,1,BTCUSDT,414380311908
2022-01,2,ETHUSDT,207900575705
2022-01,3,LUNAUSDT,50016208393
2022-01,4,SANDUSDT,41934566072
2022-01,5,MATICUSDT,41906103651
2022-02,1,BTCUSDT,443147264001
2022-02,2,ETHUSDT,178072535928
2022-02,3,FTMUSDT,55105227722
2022-02,4,LUNAUSDT,41738333033
2022-02,5,ATOMUSDT,36719662425
2022-03,1,BTCUSDT,438804840909
2022-03,2,ETHUSDT,188877387787
2022-03,3,GALAUSDT,42612446789
2022-03,4,1000SHIBUSDT,33257319763
2022-03,5,LUNAUSDT,30326572365
2022-04,1,BTCUSDT,435927005577
2022-04,2,ETHUSDT,162505003369
2022-04,3,LUNAUSDT,64017728900
2022-04,4,SOLUSDT,30084672333
2022-04,5,FTMUSDT,25827999662
2022-05,1,BTCUSDT,350657319839
2022-05,2,ETHUSDT,145785656271
2022-05,3,LUNAUSDT,37870064595
2022-05,4,NEARUSDT,35309245841
2022-05,5,DOGEUSDT,30281177010
2022-06,1,BTCUSDT,454967217955
2022-06,2,ETHUSDT,169271430766
2022-06,3,GMTUSDT,80838365605
2022-06,4,LUNAUSDT,79300883828
2022-06,5,APEUSDT,50848300451
2022-07,1,BTCUSDT,478152418167
2022-07,2,ETHUSDT,234388695612
2022-07,3,SOLUSDT,46799632865
2022-07,4,GMTUSDT,31191413902
2022-07,5,WAVESUSDT,23544533243
2022-08,1,BTCUSDT,441932404681
2022-08,2,ETHUSDT,282569524220
2022-08,3,ETCUSDT,34964449476
2022-08,4,SOLUSDT,33365237441
2022-08,5,MATICUSDT,27833090865
2022-09,1,BTCUSDT,385803341947
2022-09,2,ETHUSDT,382991727479
2022-09,3,ETCUSDT,45851816751
2022-09,4,SOLUSDT,28915945406
2022-09,5,BNBUSDT,18978923825
2022-10,1,BTCUSDT,433556313317
2022-10,2,ETHUSDT,347680614602
2022-10,3,XRPUSDT,39673612201
2022-10,4,ETCUSDT,37583857156
2022-10,5,SOLUSDT,21364461594
2022-11,1,BTCUSDT,326825896720
2022-11,2,ETHUSDT,241406514289
2022-11,3,DOGEUSDT,43113448586
2022-11,4,XRPUSDT,39444811399
2022-11,5,SOLUSDT,16222784343
2022-12,1,BTCUSDT,326649142967
2022-12,2,ETHUSDT,283226702360
2022-12,3,DOGEUSDT,64206331246
2022-12,4,SOLUSDT,41424236420
2022-12,5,MATICUSDT,26825149589
2023-01,1,BTCUSDT,165173514540
2023-01,2,ETHUSDT,150335190823
2023-01,3,DOGEUSDT,22895872087
2023-01,4,BNBUSDT,18850988548
2023-01,5,XRPUSDT,12736110998
2023-02,1,BTCUSDT,306170430665
2023-02,2,ETHUSDT,199820582696
2023-02,3,APTUSDT,52650172628
2023-02,4,SOLUSDT,39753158166
2023-02,5,DOGEUSDT,21871322614
2023-03,1,BTCUSDT,352351025256
2023-03,2,ETHUSDT,207149218901
2023-03,3,APTUSDT,26811468913
2023-03,4,SOLUSDT,20554540024
2023-03,5,MATICUSDT,19342533649
2023-04,1,BTCUSDT,583043714867
2023-04,2,ETHUSDT,264511030939
2023-04,3,XRPUSDT,44506293992
2023-04,4,MASKUSDT,22920994022
2023-04,5,APTUSDT,20432694422
2023-05,1,BTCUSDT,422864142214
2023-05,2,ETHUSDT,216421049520
2023-05,3,DOGEUSDT,33373249651
2023-05,4,XRPUSDT,20840280880
2023-05,5,SOLUSDT,17036567664
2023-06,1,BTCUSDT,367370419402
2023-06,2,ETHUSDT,171520087319
2023-06,3,XRPUSDT,17802247900
2023-06,4,LINAUSDT,15904200266
2023-06,5,ARPAUSDT,15134442387
2023-07,1,BTCUSDT,392456088086
2023-07,2,ETHUSDT,166127835698
2023-07,3,BCHUSDT,28849716975
2023-07,4,XRPUSDT,23618383152
2023-07,5,LINAUSDT,20891739001
2023-08,1,BTCUSDT,278703230730
2023-08,2,ETHUSDT,121054322421
2023-08,3,XRPUSDT,55910183805
2023-08,4,BCHUSDT,36287536573
2023-08,5,SOLUSDT,33953594429
2023-09,1,BTCUSDT,255166474236
2023-09,2,ETHUSDT,98445183664
2023-09,3,XRPUSDT,24499732617
2023-09,4,SOLUSDT,18536557919
2023-09,5,1000SHIBUSDT,16215459802
2023-10,1,BTCUSDT,203878442313
2023-10,2,ETHUSDT,77798372785
2023-10,3,TRBUSDT,28547173468
2023-10,4,SOLUSDT,16197418898
2023-10,5,WLDUSDT,15573095937
2023-11,1,BTCUSDT,323631074737
2023-11,2,ETHUSDT,115078167498
2023-11,3,SOLUSDT,36598386121
2023-11,4,TRBUSDT,23870170655
2023-11,5,XRPUSDT,18971230314
2023-12,1,BTCUSDT,321944978574
2023-12,2,ETHUSDT,172151817964
2023-12,3,SOLUSDT,78652194478
2023-12,4,XRPUSDT,24145539892
2023-12,5,DOGEUSDT,19869792356
2024-01,1,BTCUSDT,391762798521
2024-01,2,ETHUSDT,202041738948
2024-01,3,SOLUSDT,93176240845
2024-01,4,AVAXUSDT,32751702215
2024-01,5,TRBUSDT,21361624703
2024-02,1,BTCUSDT,431450209979
2024-02,2,ETHUSDT,209559031450
2024-02,3,SOLUSDT,87008937399
2024-02,4,ORDIUSDT,27343190937
2024-02,5,ARBUSDT,22324060993
2024-03,1,BTCUSDT,460195490321
2024-03,2,ETHUSDT,226759467406
2024-03,3,SOLUSDT,72726221953
2024-03,4,WLDUSDT,24249866559
2024-03,5,XRPUSDT,16993178936
2024-04,1,BTCUSDT,788206370767
2024-04,2,ETHUSDT,354966312616
2024-04,3,SOLUSDT,151389677709
2024-04,4,DOGEUSDT,71967186089
2024-04,5,1000PEPEUSDT,64270890694
2024-05,1,BTCUSDT,602372049628
2024-05,2,ETHUSDT,271036245768
2024-05,3,SOLUSDT,102841375137
2024-05,4,DOGEUSDT,44108083051
2024-05,5,WIFUSDT,26458588962
2024-06,1,BTCUSDT,462523662801
2024-06,2,ETHUSDT,271066465945
2024-06,3,SOLUSDT,76918778324
2024-06,4,1000PEPEUSDT,52510258681
2024-06,5,DOGEUSDT,30475354275
2024-07,1,BTCUSDT,366431984983
2024-07,2,ETHUSDT,206048301951
2024-07,3,SOLUSDT,53725619567
2024-07,4,1000PEPEUSDT,31418939698
2024-07,5,PEOPLEUSDT,18617049262
2024-08,1,BTCUSDT,519332189286
2024-08,2,ETHUSDT,241412732112
2024-08,3,SOLUSDT,79261066530
2024-08,4,1000PEPEUSDT,33045213975
2024-08,5,XRPUSDT,23747740756
2024-09,1,BTCUSDT,556536827985
2024-09,2,ETHUSDT,250999602961
2024-09,3,SOLUSDT,102598537277
2024-09,4,1000PEPEUSDT,29778759933
2024-09,5,WIFUSDT,21412563412
2024-10,1,BTCUSDT,423481029958
2024-10,2,ETHUSDT,180459176064
2024-10,3,SOLUSDT,68646141780
2024-10,4,1000PEPEUSDT,24976932712
2024-10,5,SUIUSDT,20184078309
2024-11,1,BTCUSDT,471242126515
2024-11,2,ETHUSDT,197467343412
2024-11,3,SOLUSDT,74658263361
2024-11,4,1000PEPEUSDT,34199824513
2024-11,5,SUIUSDT,33282854599
2024-12,1,BTCUSDT,767304426520
2024-12,2,ETHUSDT,380603348440
2024-12,3,DOGEUSDT,191355993739
2024-12,4,SOLUSDT,130049128002
2024-12,5,XRPUSDT,96200545723
2025-01,1,BTCUSDT,671800072319
2025-01,2,ETHUSDT,404078270627
2025-01,3,XRPUSDT,170014017980
2025-01,4,DOGEUSDT,110072581734
2025-01,5,SOLUSDT,109211283397
2025-02,1,BTCUSDT,630691795268
2025-02,2,ETHUSDT,319209222083
2025-02,3,SOLUSDT,151501119727
2025-02,4,XRPUSDT,113493580520
2025-02,5,DOGEUSDT,77341547551
2025-03,1,BTCUSDT,508743813152
2025-03,2,ETHUSDT,322956140974
2025-03,3,SOLUSDT,110551568015
2025-03,4,XRPUSDT,79537016041
2025-03,5,DOGEUSDT,40223758859
2025-04,1,BTCUSDT,608876531774
2025-04,2,ETHUSDT,302218452080
2025-04,3,SOLUSDT,104239916144
2025-04,4,XRPUSDT,74961638790
2025-04,5,ADAUSDT,38383233895
2025-05,1,BTCUSDT,582172015272
2025-05,2,ETHUSDT,333742989110
2025-05,3,SOLUSDT,105958407316
2025-05,4,XRPUSDT,59508636658
2025-05,5,SUIUSDT,30761171289
2025-06,1,BTCUSDT,587559621911
2025-06,2,ETHUSDT,502782060215
2025-06,3,SOLUSDT,111515770673
2025-06,4,XRPUSDT,48727737181
2025-06,5,1000PEPEUSDT,48276346470
2025-07,1,BTCUSDT,472260562054
2025-07,2,ETHUSDT,448074810409
2025-07,3,SOLUSDT,97538344437
2025-07,4,1000PEPEUSDT,36643163871
2025-07,5,XRPUSDT,36478634963
2025-08,1,ETHUSDT,616200581888
2025-08,2,BTCUSDT,487332550826
2025-08,3,SOLUSDT,128755971087
2025-08,4,XRPUSDT,103786731223
2025-08,5,DOGEUSDT,63273960221
2025-09,1,ETHUSDT,832172390216
2025-09,2,BTCUSDT,452787170617
2025-09,3,SOLUSDT,180456787345
2025-09,4,XRPUSDT,74486830385
2025-09,5,DOGEUSDT,53779053080
2025-10,1,ETHUSDT,495561415820
2025-10,2,BTCUSDT,363884873852
2025-10,3,SOLUSDT,164638813930
2025-10,4,DOGEUSDT,59241331023
2025-10,5,XRPUSDT,44636917065
2025-11,1,ETHUSDT,624169910519
2025-11,2,BTCUSDT,572681271944
2025-11,3,SOLUSDT,178035921857
2025-11,4,BNBUSDT,75273524850
2025-11,5,DOGEUSDT,66119377416
2025-12,1,ETHUSDT,477464232710
2025-12,2,BTCUSDT,462251677263
2025-12,3,SOLUSDT,116753865908
2025-12,4,ZECUSDT,80289841353
2025-12,5,XRPUSDT,49887692269
2026-01,1,BTCUSDT,383962524044
2026-01,2,ETHUSDT,368213912010
2026-01,3,SOLUSDT,86556540590
2026-01,4,ZECUSDT,40473856196
2026-01,5,XRPUSDT,28487707268
2026-02,1,BTCUSDT,375794505850
2026-02,2,ETHUSDT,355924619217
2026-02,3,SOLUSDT,86884139929
2026-02,4,XRPUSDT,36484310198
2026-02,5,RIVERUSDT,31073471730
2026-03,1,BTCUSDT,444887379468
2026-03,2,ETHUSDT,373941094685
2026-03,3,SOLUSDT,78920848514
2026-03,4,XRPUSDT,40345598851
2026-03,5,DOGEUSDT,18494048794
2026-04,1,BTCUSDT,432744422294
2026-04,2,ETHUSDT,346427693272
2026-04,3,SOLUSDT,67325804029
2026-04,4,XRPUSDT,24682476826
2026-04,5,DOGEUSDT,18597575252
2026-05,1,BTCUSDT,322250315513
2026-05,2,ETHUSDT,270940028446
2026-05,3,SOLUSDT,51329913162
2026-05,4,RAVEUSDT,32124810238
2026-05,5,DOGEUSDT,17234027636
2026-06,1,BTCUSDT,300895586096
2026-06,2,ETHUSDT,233543520556
2026-06,3,SOLUSDT,51500518949
2026-06,4,ZECUSDT,36565567146
2026-06,5,HYPEUSDT,30289317202
2026-07,1,BTCUSDT,384080889731
2026-07,2,ETHUSDT,270937613766
2026-07,3,SOLUSDT,56351307574
2026-07,4,ZECUSDT,39388171337
2026-07,5,HYPEUSDT,38443801916
2026-08,1,BTCUSDT,272771097996
2026-08,2,ETHUSDT,214632981392
2026-08,3,SOLUSDT,39274719704
2026-08,4,ZECUSDT,15841031816
2026-08,5,HYPEUSDT,15413118058
